scope,task_type,task_name_repo,task_name_encompass,status,field,repo_value,encompass_value,repo_file,encompass_file
task,FundingQC_1008_Final,,1008,ENCOMPASS_ONLY,,,1 subtask(s),,tasks7.xml
task,FundingQC_Flood_Determination,,Flood Determination,ENCOMPASS_ONLY,,,2 subtask(s),,tasks7.xml
task,FundingQC_HO_Insurance_Dates,,Homeowner's Insurance Effective Dates,ENCOMPASS_ONLY,,,1 subtask(s),,tasks7.xml
task,FundingQC_Index_Set_Date,,Index Set Date,ENCOMPASS_ONLY,,,1 subtask(s),,tasks6.xml
task,FundingQC_Land_MLA,,Land MLA,ENCOMPASS_ONLY,,,3 subtask(s),,tasks7.xml
task,FundingQC_Loan_Estimates,,Loan Estimates,ENCOMPASS_ONLY,,,1 subtask(s),,tasks7.xml
task,FundingQC_MI_Certificate,,Mortgage Insurance Certificate,ENCOMPASS_ONLY,,,1 subtask(s),,tasks6.xml
task,FundingQC_Verbal_VOE,,Verbal VOE,ENCOMPASS_ONLY,,,1 subtask(s),,tasks7.xml
task,PipelineMgt_PreApp_FollowUp,,File Follow Up (30 Day),ENCOMPASS_ONLY,,,0 subtask(s),,tasks6.xml
task,PipelineMgt_PreApp_FollowUp15,,File Follow Up (15 Day),ENCOMPASS_ONLY,,,0 subtask(s),,tasks6.xml
task,PreClosing_Fraud_X_Report,,Fraud X Report,ENCOMPASS_ONLY,,,6 subtask(s),,tasks4.xml
task,PreDisclosure_PreApproval_1003,,1003 Quality Review (Pre-Approval),ENCOMPASS_ONLY,,,12 subtask(s),,tasks6.xml
task,PreDisclosure_PreApproval_Credit,,Credit Score Disclosure (Pre-Approval),ENCOMPASS_ONLY,,,6 subtask(s),,tasks6.xml
task,Processing_Appraisal_Ordering,,Order Appraisal,ENCOMPASS_ONLY,,,7 subtask(s),,tasks1.xml
task,Processing_Disclosures_HELOCDisclosure,,Redisclose HELOC Disclosure,ENCOMPASS_ONLY,,,1 subtask(s),,task5.xml
task,Processing_FileSetup_DislosureAlert,,Send Disclosures Alert,ENCOMPASS_ONLY,,,0 subtask(s),,task5.xml
task,Processing_ServiceOrders_FraudX,,Order FraudX,ENCOMPASS_ONLY,,,4 subtask(s),,tasks3.xml
task,Processing_ServiceOrders_SSVN,,Order SSVN,ENCOMPASS_ONLY,,,1 subtask(s),,tasks3.xml
task,Underwriting_ContractUWApproval,,Contract UW Approval,ENCOMPASS_ONLY,,,1 subtask(s),,tasks4.xml
task,Underwriting_Counter_Second,,Counteroffer Second Review,ENCOMPASS_ONLY,,,1 subtask(s),,tasks2 (1).xml
task,Underwriting_Denial_Second,,Denial – Second Look,ENCOMPASS_ONLY,,,1 subtask(s),,tasks2 (1).xml
task,Underwriting_Resubmittal_AppraisalReviewFollow,,Appraisal - Ready in ValueLink Follow Up,ENCOMPASS_ONLY,,,0 subtask(s),,tasks3.xml
task,Underwriting_Resubmittal_ReviewPAR2,,Review PAR (2nd Review),ENCOMPASS_ONLY,,,4 subtask(s),,tasks3.xml
task,auto_2d3dfd67-84a6-4d55-a443-23a2d8ba79c7,,OFAC,ENCOMPASS_ONLY,,,0 subtask(s),,tasks7.xml
task,auto_7d75e7e7-32bd-438c-aa31-46bf68fe03db,,Funding QC,ENCOMPASS_ONLY,,,2 subtask(s),,tasks7.xml
task,auto_931feddf-bfbb-4d68-8621-89aef47a46e6,,Broker  Disclosures,ENCOMPASS_ONLY,,,3 subtask(s),,tasks6.xml
task,auto_d8e42d32-3cab-4b9b-980d-d36ade5e8d79,,Send Initial Disclosures,ENCOMPASS_ONLY,,,0 subtask(s),,tasks7.xml
task,FundingQC_Fraud_X_Report,Fraud X Report,,REPO_ONLY,,6 subtask(s),,tasks/6_pre-closing-qc/funding-qc/fraudx_v1.xml,
task,Funding_Boarding_BoardLoan,Board Loan,,REPO_ONLY,,1 subtask(s),,tasks/5_funding/boarding/board_loan_v1.xml,
task,PostClosingQC_DocumentProcessing_DeliverMortgage,Deliver Mortgage,,REPO_ONLY,,4 subtask(s),,tasks/7_post-closing-qc/document_processing/deliver_mortgage_v1.xml,
task,PostClosingQC_DocumentProcessing_DeliverNote,Deliver Note,,REPO_ONLY,,4 subtask(s),,tasks/7_post-closing-qc/document_processing/deliver_note_v1.xml,
task,PostClosingQC_DocumentProcessing_DocumentReceipt,Document Receipt,,REPO_ONLY,,2 subtask(s),,tasks/7_post-closing-qc/document_processing/document_receipt_v1.xml,
task,PostClosingQC_DocumentProcessing_PhysicalPackageReceipt,Physical Package Receipt,,REPO_ONLY,,1 subtask(s),,tasks/7_post-closing-qc/document_processing/physical_package_receipt_v1.xml,
task,PostClosingQC_DocumentProcessing_RecordMortgage,Record Mortgage,,REPO_ONLY,,8 subtask(s),,tasks/7_post-closing-qc/document_processing/record_mortgage_v1.xml,
task,PostClosingQC_DocumentProcessing_RecordingConfirmation,Recording Confirmation,,REPO_ONLY,,1 subtask(s),,tasks/7_post-closing-qc/document_processing/recording_confirmation_v1.xml,
task,PostClosingQC_DocumentProcessing_TransferToColdStorage,Transfer to Cold Storage,,REPO_ONLY,,1 subtask(s),,tasks/7_post-closing-qc/document_processing/transfer_to_cold_storage_v1.xml,
task,PostClosingQC_QualityAssurance_ClosingDocReview,Closing Document Quality Assurance,,REPO_ONLY,,4 subtask(s),,tasks/7_post-closing-qc/quality_assurance/closing_document_quality_assurance_v1.xml,
task,PostClosingQC_QualityAssurance_PreClosingDocReview,Pre-Closing Document Quality Assurance,,REPO_ONLY,,3 subtask(s),,tasks/7_post-closing-qc/quality_assurance/pre_closing_document_quality_assurance_v1.xml,
task,Processing_Disclosures_CreditScoreDisclosure,Credit Score Disclosure,,REPO_ONLY,,6 subtask(s),,tasks/2_processing/credit_score_disclosure/credit_score_disclosure_v1.xml,
task,Processing_Disclosures_NoticeOfIncomplete,Notice of Incomplete,,REPO_ONLY,,2 subtask(s),,tasks/2_processing/disclosures/notice_of_incomplete_v1.xml,
task,Processing_FileSetup_SendDisclosures,Send Disclosures,,REPO_ONLY,,9 subtask(s),,tasks/2_processing/disclosures/send_disclosures_v1.xml,
task,Processing_ServiceOrders_OrderSSA89,Order SSA-89,,REPO_ONLY,,0 subtask(s),,tasks/2_processing/ssa89/order_ssa89_v1.xml,
task,Processing_ServiceOrders_OrderTaxTranscripts,Order Tax Transcripts,,REPO_ONLY,,0 subtask(s),,tasks/2_processing/tax_transcripts/order_tax_transcripts_v1.xml,
task,Underwriting_Resubmittal_SendAVM,Send AVM,,REPO_ONLY,,1 subtask(s),,tasks/3_underwriting/resubmittal/send_avm_v1.xml,
task,Closing_ClosingSetup_ClosingSetup,Closing Setup,Closing Setup,BOTH,autocomplete,false,true,tasks/4_closing/closing_setup/closing_setup_v1.xml,tasks1.xml
task,Closing_ClosingSetup_ClosingSetup,Closing Setup,Closing Setup,BOTH,taskGroupTemplateName,Closing,,tasks/4_closing/closing_setup/closing_setup_v1.xml,tasks1.xml
association,Closing_ClosingSetup_ClosingSetup,Closing Setup,Closing Setup,ENCOMPASS_ONLY,Assignee,,Closer,tasks/4_closing/closing_setup/closing_setup_v1.xml,tasks1.xml
association,Closing_ClosingSetup_ClosingSetup,Closing Setup,Closing Setup,ENCOMPASS_ONLY,custom-form-workspaceoverride-0,,HELOC Quick Entry,tasks/4_closing/closing_setup/closing_setup_v1.xml,tasks1.xml
association,Closing_ClosingSetup_ClosingSetup,Closing Setup,Closing Setup,ENCOMPASS_ONLY,document-workspaceoverride-1,,Appraisal Check,tasks/4_closing/closing_setup/closing_setup_v1.xml,tasks1.xml
association,Closing_ClosingSetup_ClosingSetup,Closing Setup,Closing Setup,ENCOMPASS_ONLY,document-workspaceoverride-1,,Title Report,tasks/4_closing/closing_setup/closing_setup_v1.xml,tasks1.xml
association,Closing_ClosingSetup_ClosingSetup,Closing Setup,Closing Setup,ENCOMPASS_ONLY,standard-form-workspaceoverride-0,,Borrower Information,tasks/4_closing/closing_setup/closing_setup_v1.xml,tasks1.xml
association,Closing_ClosingSetup_ClosingSetup,Closing Setup,Closing Setup,ENCOMPASS_ONLY,workspace,,Closing Setup,tasks/4_closing/closing_setup/closing_setup_v1.xml,tasks1.xml
association,Closing_ClosingSetup_ClosingSetup,Closing Setup,Closing Setup,REPO_ONLY,Assignee,Loan Processor,,tasks/4_closing/closing_setup/closing_setup_v1.xml,tasks1.xml
task,Closing_ClosingSetup_PreparePayoffLetters,Prepare Payoff Letters,Prepare Payoff Letters,BOTH,autocomplete,false,true,tasks/4_closing/closing_setup/prepare_payoff_letters_v1.xml,tasks2 (1).xml
task,Closing_ClosingSetup_PreparePayoffLetters,Prepare Payoff Letters,Prepare Payoff Letters,BOTH,taskGroupTemplateName,Closing,,tasks/4_closing/closing_setup/prepare_payoff_letters_v1.xml,tasks2 (1).xml
association,Closing_ClosingSetup_PreparePayoffLetters,Prepare Payoff Letters,Prepare Payoff Letters,ENCOMPASS_ONLY,Assignee,,Closer,tasks/4_closing/closing_setup/prepare_payoff_letters_v1.xml,tasks2 (1).xml
association,Closing_ClosingSetup_PreparePayoffLetters,Prepare Payoff Letters,Prepare Payoff Letters,ENCOMPASS_ONLY,workspace,,Payoff Prep,tasks/4_closing/closing_setup/prepare_payoff_letters_v1.xml,tasks2 (1).xml
association,Closing_ClosingSetup_PreparePayoffLetters,Prepare Payoff Letters,Prepare Payoff Letters,REPO_ONLY,Assignee,Loan Processor,,tasks/4_closing/closing_setup/prepare_payoff_letters_v1.xml,tasks2 (1).xml
task,Closing_DocPrep_CreateClosingPackage,Create Closing Package,Create Closing Package,BOTH,autocomplete,false,true,tasks/4_closing/doc_prep/create_closing_package_v1.xml,tasks1.xml
task,Closing_DocPrep_CreateClosingPackage,Create Closing Package,Create Closing Package,BOTH,taskGroupTemplateName,Closing,,tasks/4_closing/doc_prep/create_closing_package_v1.xml,tasks1.xml
task,Closing_PreClosing_RequestClosingDisclosure,Request Closing Disclosure,Request Closing Disclosure,BOTH,autocomplete,false,true,tasks/4_closing/pre_closing/request_closing_disclosure_v1.xml,tasks2 (1).xml
task,Closing_PreClosing_RequestClosingDisclosure,Request Closing Disclosure,Request Closing Disclosure,BOTH,taskGroupTemplateName,Closing,,tasks/4_closing/pre_closing/request_closing_disclosure_v1.xml,tasks2 (1).xml
task,Closing_PreClosing_Scheduling,Scheduling,Confirm Scheduling,BOTH,name,Scheduling,Confirm Scheduling,tasks/4_closing/pre_closing/scheduling_v1.xml,tasks1.xml
task,Closing_PreClosing_Scheduling,Scheduling,Confirm Scheduling,BOTH,duration,1,2,tasks/4_closing/pre_closing/scheduling_v1.xml,tasks1.xml
task,Closing_PreClosing_Scheduling,Scheduling,Confirm Scheduling,BOTH,autocomplete,false,true,tasks/4_closing/pre_closing/scheduling_v1.xml,tasks1.xml
task,Closing_PreClosing_Scheduling,Scheduling,Confirm Scheduling,BOTH,taskGroupTemplateName,Closing,,tasks/4_closing/pre_closing/scheduling_v1.xml,tasks1.xml
association,Closing_PreClosing_Scheduling,Scheduling,Confirm Scheduling,ENCOMPASS_ONLY,Assignee,,Closer,tasks/4_closing/pre_closing/scheduling_v1.xml,tasks1.xml
association,Closing_PreClosing_Scheduling,Scheduling,Confirm Scheduling,ENCOMPASS_ONLY,custom-form-workspaceoverride-0,,Closing Date/Time,tasks/4_closing/pre_closing/scheduling_v1.xml,tasks1.xml
association,Closing_PreClosing_Scheduling,Scheduling,Confirm Scheduling,ENCOMPASS_ONLY,workspace,,Closing Setup,tasks/4_closing/pre_closing/scheduling_v1.xml,tasks1.xml
association,Closing_PreClosing_Scheduling,Scheduling,Confirm Scheduling,REPO_ONLY,Assignee,Loan Processor,,tasks/4_closing/pre_closing/scheduling_v1.xml,tasks1.xml
subtask_description,Closing_PreClosing_Scheduling,Scheduling,Confirm Scheduling,BOTH,Scheduling – Obtain Closing Date and Time from Branch,Obtain Closing Date and Time from Branch – Contact the branch to obtain the confirmed closing date and time for this loan,Obtain Closing Date and Time from Branch – Input information into system.,tasks/4_closing/pre_closing/scheduling_v1.xml,tasks1.xml
task,Closing_PreClosing_SendInitialClosingDisclosure,Send Initial Closing Disclosure,Send Initial Closing Disclosure,BOTH,autocomplete,false,true,tasks/4_closing/pre_closing/send_initial_closing_disclosure_v1.xml,tasks2 (1).xml
task,Closing_PreClosing_SendInitialClosingDisclosure,Send Initial Closing Disclosure,Send Initial Closing Disclosure,BOTH,taskGroupTemplateName,Closing,,tasks/4_closing/pre_closing/send_initial_closing_disclosure_v1.xml,tasks2 (1).xml
association,Closing_PreClosing_SendInitialClosingDisclosure,Send Initial Closing Disclosure,Send Initial Closing Disclosure,ENCOMPASS_ONLY,Assignee,,Closer,tasks/4_closing/pre_closing/send_initial_closing_disclosure_v1.xml,tasks2 (1).xml
association,Closing_PreClosing_SendInitialClosingDisclosure,Send Initial Closing Disclosure,Send Initial Closing Disclosure,REPO_ONLY,Assignee,Loan Processor,,tasks/4_closing/pre_closing/send_initial_closing_disclosure_v1.xml,tasks2 (1).xml
association,FundingQC_Credit_Refresh,Credit Refresh,Credit Refresh,ENCOMPASS_ONLY,workspace,,Credit Refresh,tasks/6_pre-closing-qc/funding-qc/credit-refresh_v1.xml,tasks7.xml
association,FundingQC_Credit_Refresh,Credit Refresh,Credit Refresh,REPO_ONLY,document-workspaceoverride-0,Credit Report,,tasks/6_pre-closing-qc/funding-qc/credit-refresh_v1.xml,tasks7.xml
association,FundingQC_Credit_Refresh,Credit Refresh,Credit Refresh,REPO_ONLY,workspace,Credit Refresh Review,,tasks/6_pre-closing-qc/funding-qc/credit-refresh_v1.xml,tasks7.xml
task,Funding_FundLoan,Fund Loan,Fund Loan,BOTH,taskGroupTemplateName,,Funding,tasks/5_funding/funding/fund_loan_v1.xml,tasks6.xml
association,Funding_FundLoan,Fund Loan,Fund Loan,ENCOMPASS_ONLY,Assignee,,Closers -Task,tasks/5_funding/funding/fund_loan_v1.xml,tasks6.xml
task,Funding_Funding_ConfirmFunding,Confirm Funding,Confirm Funding,BOTH,taskGroupTemplateName,Funding,,tasks/5_funding/funding/confirm_funding_v1.xml,tasks1.xml
association,Funding_Funding_ConfirmFunding,Confirm Funding,Confirm Funding,ENCOMPASS_ONLY,Assignee,,Closer,tasks/5_funding/funding/confirm_funding_v1.xml,tasks1.xml
association,Funding_Funding_ConfirmFunding,Confirm Funding,Confirm Funding,ENCOMPASS_ONLY,workspace,,Funding_SignOff,tasks/5_funding/funding/confirm_funding_v1.xml,tasks1.xml
association,Funding_Funding_ConfirmFunding,Confirm Funding,Confirm Funding,REPO_ONLY,Assignee,Loan Processor,,tasks/5_funding/funding/confirm_funding_v1.xml,tasks1.xml
task,Funding_Wire_Approval,Approve Wire,Approve Wire,BOTH,taskGroupTemplateName,,Funding,tasks/5_funding/funding/approve_wire_v1.xml,tasks6.xml
association,Funding_Wire_Approval,Approve Wire,Approve Wire,ENCOMPASS_ONLY,Assignee,,Funding Approval - Task,tasks/5_funding/funding/approve_wire_v1.xml,tasks6.xml
task,Processing_ARM_Disclosure,ARM Disclosure,ARM Disclosure,BOTH,priority,5,3,tasks/2_processing/arm_disclosure/arm_disclosure_v1.xml,tasks6.xml
task,Processing_ARM_Disclosure,ARM Disclosure,ARM Disclosure,BOTH,duration,5,2,tasks/2_processing/arm_disclosure/arm_disclosure_v1.xml,tasks6.xml
task,Processing_ARM_Disclosure,ARM Disclosure,ARM Disclosure,BOTH,durationFormat,Minute,Hour,tasks/2_processing/arm_disclosure/arm_disclosure_v1.xml,tasks6.xml
task,Processing_ARM_Disclosure,ARM Disclosure,ARM Disclosure,BOTH,taskGroupTemplateName,Processing - ARM Disclosure,Disclosures,tasks/2_processing/arm_disclosure/arm_disclosure_v1.xml,tasks6.xml
association,Processing_ARM_Disclosure,ARM Disclosure,ARM Disclosure,ENCOMPASS_ONLY,Assignee,,Loan Processor,tasks/2_processing/arm_disclosure/arm_disclosure_v1.xml,tasks6.xml
task,Processing_FileSetup_PullDeed,Pull Deed,Pull Deed,BOTH,taskGroupTemplateName,Processing,,tasks/2_processing/pull_deed/pull_deed_v1.xml,tasks2 (1).xml
association,Processing_FileSetup_PullDeed,Pull Deed,Pull Deed,ENCOMPASS_ONLY,workspace,,Title_Deed_LookUp,tasks/2_processing/pull_deed/pull_deed_v1.xml,tasks2 (1).xml
subtask,Processing_FileSetup_PullDeed,Pull Deed,Pull Deed,ENCOMPASS_ONLY,Pull Deed – Trust,,"Trust – If held in a trust, check off Title Will be Held by an Inter Vivos (Living) Trust).",tasks/2_processing/pull_deed/pull_deed_v1.xml,tasks2 (1).xml
subtask_description,Processing_FileSetup_PullDeed,Pull Deed,Pull Deed,BOTH,Pull Deed – Pull Deed from Registry,Pull Deed from Registry – Pull the current recorded deed from the applicable registry of deeds for the subject property.,Pull Deed from Registry – Pull the current recorded deed from the applicable registry of deeds for the subject property and save to eFolder.,tasks/2_processing/pull_deed/pull_deed_v1.xml,tasks2 (1).xml
subtask_description,Processing_FileSetup_PullDeed,Pull Deed,Pull Deed,BOTH,Pull Deed – Ownership Screen,Ownership Screen – Complete the ownership screen and compare how the deed is to be held (new vesting) against how the property is currently held per the pulled deed; document any differences.,Title – Complete the Title to the property Will be Held in What Name(s)? and For Refinance: Title to the Property is Currently Held in What Name(s)? fields. (should be same for HELOC),tasks/2_processing/pull_deed/pull_deed_v1.xml,tasks2 (1).xml
subtask_rank,Processing_FileSetup_PullDeed,Pull Deed,Pull Deed,BOTH,Pull Deed – Add Non-Borrowing Owner,3,4,tasks/2_processing/pull_deed/pull_deed_v1.xml,tasks2 (1).xml
task,Processing_FileSetup_SendDisclosuresHELOC,Send Disclosures (HELOC),Send Disclosures (HELOC),BOTH,duration,3,2,tasks/2_processing/disclosures/send_disclosures_heloc_v1.xml,tasks1.xml
task,Processing_FileSetup_SendDisclosuresHELOC,Send Disclosures (HELOC),Send Disclosures (HELOC),BOTH,durationFormat,Day,Hour,tasks/2_processing/disclosures/send_disclosures_heloc_v1.xml,tasks1.xml
association,Processing_FileSetup_SendDisclosuresHELOC,Send Disclosures (HELOC),Send Disclosures (HELOC),ENCOMPASS_ONLY,custom-form-workspaceoverride-0,,HELOC Quick Entry,tasks/2_processing/disclosures/send_disclosures_heloc_v1.xml,tasks1.xml
subtask,Processing_FileSetup_SendDisclosuresHELOC,Send Disclosures (HELOC),Send Disclosures (HELOC),ENCOMPASS_ONLY,Send Disclosures (HELOC) – Loan Audit,,Loan Audit – Open eFolder and run Loan Audit. Address findings if applicable. ,tasks/2_processing/disclosures/send_disclosures_heloc_v1.xml,tasks1.xml
subtask_description,Processing_FileSetup_SendDisclosuresHELOC,Send Disclosures (HELOC),Send Disclosures (HELOC),BOTH,Send Disclosures (HELOC) – 1003 – Demographic HELOC,"1003 – Demographic HELOC – Demographic information is collected only when the proceeds are used to pay off an existing lien-secured debt, qualifying the transaction as a refinancing for regulatory reporting purposes.","1003 – Demographic HELOC – Demographic information is collected only when the proceeds are used to pay off an existing lien-secured debt, qualifying the transaction as a refinancing for regulatory reporting purposes. If present ensure method collected, Race, Ethnicity and Sex are documented.",tasks/2_processing/disclosures/send_disclosures_heloc_v1.xml,tasks1.xml
subtask_description,Processing_FileSetup_SendDisclosuresHELOC,Send Disclosures (HELOC),Send Disclosures (HELOC),BOTH,Send Disclosures (HELOC) – Home Counseling List,Home Counseling List – Import Home Counseling List,Home Counseling List – Import Home Counseling List. Click Save before completing task.,tasks/2_processing/disclosures/send_disclosures_heloc_v1.xml,tasks1.xml
subtask_rank,Processing_FileSetup_SendDisclosuresHELOC,Send Disclosures (HELOC),Send Disclosures (HELOC),BOTH,Send Disclosures (HELOC) – Ready to Send,14,15,tasks/2_processing/disclosures/send_disclosures_heloc_v1.xml,tasks1.xml
task,Processing_Misc_AppraisalRefund,Appraisal Refund,Appraisal Refund,BOTH,taskGroupTemplateName,Processing,,tasks/2_processing/misc/appraisal_refund_v1.xml,tasks1.xml
task,Processing_Misc_CancelFloodCertificate,Cancel Flood Certificate,Cancel Flood Certificate,BOTH,taskGroupTemplateName,Processing,,tasks/2_processing/misc/cancel_flood_certificate_v1.xml,tasks3.xml
task,Processing_Misc_FileClosureDocuments,File Closure Documents,File Closure Documents,BOTH,autocomplete,false,true,tasks/2_processing/misc/file_closure_documents_v1.xml,tasks4.xml
task,Processing_Misc_FileClosureDocuments,File Closure Documents,File Closure Documents,BOTH,taskGroupTemplateName,Processing,,tasks/2_processing/misc/file_closure_documents_v1.xml,tasks4.xml
subtask_description,Processing_Misc_FileClosureDocuments,File Closure Documents,File Closure Documents,BOTH,File Closure Documents – 1003,1003 – Save a copy of the 1003; this subtask will auto-complete once the initial disclosure package is saved.,Initial Disclosures – Save a copy of the 1003; this subtask will auto-complete once the initial disclosure package is saved.,tasks/2_processing/misc/file_closure_documents_v1.xml,tasks4.xml
task,Processing_Misc_MailingInitialDisclosures,Mailing Initial Disclosures,Mailing Initial Disclosures,BOTH,duration,5,30,tasks/2_processing/misc/mailing_initial_disclosures_v1.xml,task5.xml
subtask_description,Processing_Misc_MailingInitialDisclosures,Mailing Initial Disclosures,Mailing Initial Disclosures,BOTH,Mailing Initial Disclosures – Mail Disclosures and Mark Disclosure Tracking,Mail Disclosures and Mark Disclosure Tracking – Mail initial disclosure package to borrower and mark as mailed in disclosure tracking. Mark Done when complete. Mark NA if eConsent was obtained and mailing is not needed.,Mail Disclosures and Mark Disclosure Tracking – Mail initial disclosure package by generating a new package on Encompass Desktop (Add disclosure receipt document and initial disclosure letter to package). Mark Done when complete. Mark NA if eConsent was obtained and mailing is not needed.,tasks/2_processing/misc/mailing_initial_disclosures_v1.xml,task5.xml
association,Processing_Misc_NOIExpiration,Notice of Incomplete Expiration,Notice of Incomplete Expiration,ENCOMPASS_ONLY,workspace,,NOI,tasks/2_processing/misc/notice_of_incomplete_expiration_v1.xml,tasks1.xml
subtask,Processing_Misc_NOIExpiration,Notice of Incomplete Expiration,Notice of Incomplete Expiration,ENCOMPASS_ONLY,Notice of Incomplete – NOI Expired,,NOI Expired – Mark Done to proceed with closing out file.,tasks/2_processing/misc/notice_of_incomplete_expiration_v1.xml,tasks1.xml
subtask,Processing_Misc_NOIExpiration,Notice of Incomplete Expiration,Notice of Incomplete Expiration,REPO_ONLY,Notice of Incomplete Expiration – NOI Expired,NOI Expired – Mark Done to proceed with closing out file.,,tasks/2_processing/misc/notice_of_incomplete_expiration_v1.xml,tasks1.xml
task,Processing_Misc_SendDenial,Send Denial,Send Denial,BOTH,autocomplete,false,true,tasks/2_processing/misc/send_denial_v1.xml,tasks2 (1).xml
task,Processing_Misc_SendDenial,Send Denial,Send Denial,BOTH,taskGroupTemplateName,Processing,,tasks/2_processing/misc/send_denial_v1.xml,tasks2 (1).xml
subtask,Processing_Misc_SendDenial,Send Denial,Send Denial,ENCOMPASS_ONLY,Send Denial – Mail Counteroffer,,Mail Denial – Mail the counteroffer package to the borrower; required for MA first-position purchase or refinance loans in lieu of electronic delivery,tasks/2_processing/misc/send_denial_v1.xml,tasks2 (1).xml
subtask,Processing_Misc_SendDenial,Send Denial,Send Denial,ENCOMPASS_ONLY,Send Denial – Send Counteroffer Electronically,,Send Denial Electronically – Send counteroffer to borrower electronically; ensure all required documents are saved in the Counteroffer eFolder document before sending,tasks/2_processing/misc/send_denial_v1.xml,tasks2 (1).xml
subtask_description,Processing_Misc_SendDenial,Send Denial,Send Denial,BOTH,Send Denial – MA Review Board Form,Send Massachusetts Review Board form for appeals process,MA Review Form Board Required – Complete and include the Massachusetts Review Board form; required for MA first-position purchase or refinance loans before sending counteroffer,tasks/2_processing/misc/send_denial_v1.xml,tasks2 (1).xml
subtask_description,Processing_Misc_SendDenial,Send Denial,Send Denial,BOTH,Send Denial – ECOA Right to Copy of Appraisal,Send ECOA notice of right to receive copy of appraisal,ECOA Right to Copy of Appraisal -Send ECOA notice of right to receive copy of appraisal,tasks/2_processing/misc/send_denial_v1.xml,tasks2 (1).xml
subtask_description,Processing_Misc_SendDenial,Send Denial,Send Denial,BOTH,Send Denial – Massachusetts MGL Disclosure,Send Massachusetts General Laws disclosure,Massachusetts General Laws - Send MGL Disclosure,tasks/2_processing/misc/send_denial_v1.xml,tasks2 (1).xml
task,Processing_Misc_WithdrawLoan,Withdraw Loan,Withdraw Loan,BOTH,autocomplete,false,true,tasks/2_processing/misc/withdraw_loan_v1.xml,tasks4.xml
task,Processing_Misc_WithdrawLoan,Withdraw Loan,Withdraw Loan,BOTH,taskGroupTemplateName,Processing,,tasks/2_processing/misc/withdraw_loan_v1.xml,tasks4.xml
association,Processing_Misc_WithdrawLoan,Withdraw Loan,Withdraw Loan,ENCOMPASS_ONLY,workspace,,Withdrawn Workspace,tasks/2_processing/misc/withdraw_loan_v1.xml,tasks4.xml
task,Processing_PostUnderwriting_SendCommitmentLetter,Send Commitment Letter,Send Commitment Letter,BOTH,priority,4,5,tasks/3_underwriting/post_underwriting/send_commitment_letter_v1.xml,task5.xml
task,Processing_PostUnderwriting_SendCommitmentLetter,Send Commitment Letter,Send Commitment Letter,BOTH,duration,1,4,tasks/3_underwriting/post_underwriting/send_commitment_letter_v1.xml,task5.xml
task,Processing_PostUnderwriting_SendCommitmentLetter,Send Commitment Letter,Send Commitment Letter,BOTH,durationFormat,Day,Hour,tasks/3_underwriting/post_underwriting/send_commitment_letter_v1.xml,task5.xml
task,Processing_PostUnderwriting_SendCommitmentLetter,Send Commitment Letter,Send Commitment Letter,BOTH,autocomplete,false,true,tasks/3_underwriting/post_underwriting/send_commitment_letter_v1.xml,task5.xml
task,Processing_PostUnderwriting_SendCommitmentLetter,Send Commitment Letter,Send Commitment Letter,BOTH,taskGroupTemplateName,,Disclosures,tasks/3_underwriting/post_underwriting/send_commitment_letter_v1.xml,task5.xml
association,Processing_PostUnderwriting_SendCommitmentLetter,Send Commitment Letter,Send Commitment Letter,ENCOMPASS_ONLY,Assignee,,Underwriter,tasks/3_underwriting/post_underwriting/send_commitment_letter_v1.xml,task5.xml
association,Processing_PostUnderwriting_SendCommitmentLetter,Send Commitment Letter,Send Commitment Letter,ENCOMPASS_ONLY,workspace,,Commitment Letter,tasks/3_underwriting/post_underwriting/send_commitment_letter_v1.xml,task5.xml
subtask,Processing_PostUnderwriting_SendCommitmentLetter,Send Commitment Letter,Send Commitment Letter,REPO_ONLY,Send Commitment Letter – Confirm Letter Sent,Confirm Letter Sent – Confirm the commitment letter has been successfully sent to the borrower,,tasks/3_underwriting/post_underwriting/send_commitment_letter_v1.xml,task5.xml
subtask_rank,Processing_PostUnderwriting_SendCommitmentLetter,Send Commitment Letter,Send Commitment Letter,BOTH,Send Commitment Letter – Save to eFolder,3,2,tasks/3_underwriting/post_underwriting/send_commitment_letter_v1.xml,task5.xml
task,Processing_PreUnderwriting_PreUWChecklist,Pre-Underwriting Checklist,Pre-Underwriting Checklist,BOTH,autocomplete,false,true,tasks/2_processing/pre_underwriting_checklist/pre_uw_checklist_v1.xml,task5.xml
task,Processing_PreUnderwriting_PreUWChecklist,Pre-Underwriting Checklist,Pre-Underwriting Checklist,BOTH,taskGroupTemplateName,Processing - Pre-Underwriting,,tasks/2_processing/pre_underwriting_checklist/pre_uw_checklist_v1.xml,task5.xml
association,Processing_PreUnderwriting_PreUWChecklist,Pre-Underwriting Checklist,Pre-Underwriting Checklist,REPO_ONLY,workspace,PreUWChecklist,,tasks/2_processing/pre_underwriting_checklist/pre_uw_checklist_v1.xml,task5.xml
subtask,Processing_PreUnderwriting_PreUWChecklist,Pre-Underwriting Checklist,Pre-Underwriting Checklist,REPO_ONLY,Pre-Underwriting Checklist – Verify Employment,Verify Employment – Verify borrower employment status and history; complete verbal or written verification of employment,,tasks/2_processing/pre_underwriting_checklist/pre_uw_checklist_v1.xml,task5.xml
subtask_description,Processing_PreUnderwriting_PreUWChecklist,Pre-Underwriting Checklist,Pre-Underwriting Checklist,BOTH,Pre-Underwriting Checklist – Run AUS,Run AUS – Submit loan to Automated Underwriting System (DU/LP) and review findings; AUS findings dictate documentation requirements for the file,Run AUS – Submit loan to Automated Underwriting System (DU/LP) and review findings; AUS findings dictate documentation requirements for the file. Remove all findings except the latest.,tasks/2_processing/pre_underwriting_checklist/pre_uw_checklist_v1.xml,task5.xml
subtask_description,Processing_PreUnderwriting_PreUWChecklist,Pre-Underwriting Checklist,Pre-Underwriting Checklist,BOTH,Pre-Underwriting Checklist – Verify Income,"Verify Income – Verify borrower income documentation (paystubs, W-2s, tax docs) matches application and calculate qualifying income",Verify Income – Verify borrower income documentation (paystubs/W-2s) matches application and calculate qualifying income,tasks/2_processing/pre_underwriting_checklist/pre_uw_checklist_v1.xml,task5.xml
subtask_description,Processing_PreUnderwriting_PreUWChecklist,Pre-Underwriting Checklist,Pre-Underwriting Checklist,BOTH,Pre-Underwriting Checklist – Verify Purpose,Verify Purpose – Verify the stated purpose of the HELOC is documented in a Letter of Explanation (LOE) or conversation log; mark Issue to trigger a condition for missing purpose documentation,Verify Purpose – Verify the stated purpose of cash out is documented in a Letter of Explanation (LOE) or conversation log; mark Issue to trigger a condition for missing purpose documentation,tasks/2_processing/pre_underwriting_checklist/pre_uw_checklist_v1.xml,task5.xml
subtask_rank,Processing_PreUnderwriting_PreUWChecklist,Pre-Underwriting Checklist,Pre-Underwriting Checklist,BOTH,Pre-Underwriting Checklist – Self-Employed Income,9,8,tasks/2_processing/pre_underwriting_checklist/pre_uw_checklist_v1.xml,task5.xml
subtask_rank,Processing_PreUnderwriting_PreUWChecklist,Pre-Underwriting Checklist,Pre-Underwriting Checklist,BOTH,Pre-Underwriting Checklist – Non-Traditional Income,10,9,tasks/2_processing/pre_underwriting_checklist/pre_uw_checklist_v1.xml,task5.xml
subtask_rank,Processing_PreUnderwriting_PreUWChecklist,Pre-Underwriting Checklist,Pre-Underwriting Checklist,BOTH,Pre-Underwriting Checklist – Rental Income,11,10,tasks/2_processing/pre_underwriting_checklist/pre_uw_checklist_v1.xml,task5.xml
task,Processing_ServiceOrders_FloodCertificateReview,Flood Certificate Review,Flood Certificate Review,BOTH,taskGroupTemplateName,,Quality Assurance,tasks/2_processing/flood_certificate/flood_certificate_review_v1.xml,tasks2 (1).xml
subtask,Processing_ServiceOrders_FloodCertificateReview,Flood Certificate Review,Flood Certificate Review,ENCOMPASS_ONLY,Flood Certificate Review – Multiple Livable Dwellings,,"Multiple Livable Dwellings - Examine the flood certificate map to for evidence of multiple buildings on lot. If discovered, mark Issue if multiple dwellings detected to trigger further action.",tasks/2_processing/flood_certificate/flood_certificate_review_v1.xml,tasks2 (1).xml
subtask_rank,Processing_ServiceOrders_FloodCertificateReview,Flood Certificate Review,Flood Certificate Review,BOTH,Flood Certificate Review – Address Mismatch Detected,4,5,tasks/2_processing/flood_certificate/flood_certificate_review_v1.xml,tasks2 (1).xml
task,Processing_ServiceOrders_OrderAVM,Order AVM,Order AVM,BOTH,duration,1,2,tasks/2_processing/avm/order_avm_v1.xml,tasks4.xml
task,Processing_ServiceOrders_OrderAVM,Order AVM,Order AVM,BOTH,durationFormat,Day,Hour,tasks/2_processing/avm/order_avm_v1.xml,tasks4.xml
subtask,Processing_ServiceOrders_OrderAVM,Order AVM,Order AVM,ENCOMPASS_ONLY,Order AVM – Value Sufficient,,Order AVM – Value sufficient to use for underwriting. Mark Done to continue with AVM. Mark Issue if an appraisal will be required (this will trigger the creation of Appraisal Task),tasks/2_processing/avm/order_avm_v1.xml,tasks4.xml
subtask,Processing_ServiceOrders_OrderAVM,Order AVM,Order AVM,REPO_ONLY,Order AVM – Ready to Send,Ready to Send – Loan is primed for initial document send; confirm all required items are in order before proceeding,,tasks/2_processing/avm/order_avm_v1.xml,tasks4.xml
subtask_description,Processing_ServiceOrders_OrderAVM,Order AVM,Order AVM,BOTH,Order AVM – Ready to Send with Initial Docs,Ready to Send – Click Send  to add AVM to send with initial documents.,Ready to Send – Click Send  to add AVM to send with initial documents. Required to be sent regardless if value is sufficient or not.,tasks/2_processing/avm/order_avm_v1.xml,tasks4.xml
task,Processing_ServiceOrders_OrderFloodCertificate,Order Flood Certificate,Order Flood Certificate,BOTH,duration,1,2,tasks/2_processing/flood_certificate/order_flood_certificate_v1.xml,tasks4.xml
task,Processing_ServiceOrders_OrderFloodCertificate,Order Flood Certificate,Order Flood Certificate,BOTH,durationFormat,Day,Hour,tasks/2_processing/flood_certificate/order_flood_certificate_v1.xml,tasks4.xml
subtask,Processing_ServiceOrders_OrderFloodCertificate,Order Flood Certificate,Order Flood Certificate,ENCOMPASS_ONLY,Order Flood Certificate – Submit Order,,Submit Order - Mark Done to submit for Flood Certificate.,tasks/2_processing/flood_certificate/order_flood_certificate_v1.xml,tasks4.xml
task,Processing_ServiceOrders_OrderPAR,Order PAR,Order PAR,BOTH,duration,15,4,tasks/2_processing/service_orders/order_par_v1.xml,task5.xml
task,Processing_ServiceOrders_OrderPAR,Order PAR,Order PAR,BOTH,durationFormat,Minute,Hour,tasks/2_processing/service_orders/order_par_v1.xml,task5.xml
association,Processing_ServiceOrders_OrderPAR,Order PAR,Order PAR,ENCOMPASS_ONLY,workspace,,AVMOrderReview,tasks/2_processing/service_orders/order_par_v1.xml,task5.xml
association,Processing_ServiceOrders_OrderPAR,Order PAR,Order PAR,REPO_ONLY,workspace,OrderPAR,,tasks/2_processing/service_orders/order_par_v1.xml,task5.xml
subtask_description,Processing_ServiceOrders_OrderPAR,Order PAR,Order PAR,BOTH,Order PAR – Place PAR Order,Place PAR Order – Place an order for the Property Assessment Report under the AppraisalX platform,Place PAR Order – Place an order for the Property Assessment Report under the AppraisalX menu.,tasks/2_processing/service_orders/order_par_v1.xml,task5.xml
task,Processing_ServiceOrders_OrderTitle,Order Title,Order Title,BOTH,autocomplete,false,true,tasks/2_processing/title/order_title_v1.xml,task5.xml
task,Processing_ServiceOrders_OrderTitle,Order Title,Order Title,BOTH,taskGroupTemplateName,Processing,Service Orders,tasks/2_processing/title/order_title_v1.xml,task5.xml
association,Processing_ServiceOrders_OrderTitle,Order Title,Order Title,ENCOMPASS_ONLY,workspace,,Title Order,tasks/2_processing/title/order_title_v1.xml,task5.xml
association,Processing_ServiceOrders_OrderTitle,Order Title,Order Title,REPO_ONLY,workspace,Title,,tasks/2_processing/title/order_title_v1.xml,task5.xml
subtask_rank,Processing_ServiceOrders_OrderTitle,Order Title,Order Title,BOTH,Order Title – Order Title Ownership Report – Old Republic,,1,tasks/2_processing/title/order_title_v1.xml,task5.xml
subtask_rank,Processing_ServiceOrders_OrderTitle,Order Title,Order Title,BOTH,Order Title – Order Title Ownership Report – Equity Attorney (Trust),,2,tasks/2_processing/title/order_title_v1.xml,task5.xml
subtask_rank,Processing_ServiceOrders_OrderTitle,Order Title,Order Title,BOTH,Order Title – Obtain Quote – New Deed Prep,,3,tasks/2_processing/title/order_title_v1.xml,task5.xml
subtask_rank,Processing_ServiceOrders_OrderTitle,Order Title,Order Title,BOTH,Order Title – Order Title – Bank Attorney,,4,tasks/2_processing/title/order_title_v1.xml,task5.xml
task,Processing_ServiceOrders_RecheckFloodCertificate,Recheck Flood,Recheck Flood,BOTH,priority,3,6,tasks/2_processing/service_orders/recheck_flood_v1.xml,tasks4.xml
task,Underwriting_Misc_SendCounteroffer,Send Counteroffer,Send Counteroffer,BOTH,autocomplete,false,true,tasks/3_underwriting/uw_misc/send_counteroffer_v1.xml,tasks2 (1).xml
task,Underwriting_Misc_SendCounteroffer,Send Counteroffer,Send Counteroffer,BOTH,taskGroupTemplateName,Underwriting,,tasks/3_underwriting/uw_misc/send_counteroffer_v1.xml,tasks2 (1).xml
association,Underwriting_Misc_SendCounteroffer,Send Counteroffer,Send Counteroffer,ENCOMPASS_ONLY,workspace,,Decision Flow,tasks/3_underwriting/uw_misc/send_counteroffer_v1.xml,tasks2 (1).xml
association,Underwriting_PostUnderwriting_CondoMasterReview,Master Property Insurance Review,Master Property Insurance Review,ENCOMPASS_ONLY,workspace,,Master Insurance Review,tasks/3_underwriting/post_underwriting/master_property_insurance_review_v1.xml,tasks4.xml
subtask_description,Underwriting_PostUnderwriting_CondoMasterReview,Master Property Insurance Review,Master Property Insurance Review,BOTH,Master Property Insurance Review – Per-Unit Deductible Exists,"Per-Unit Deductible Exists – Determine whether the master policy includes a per-unit deductible that applies to an individual unit owner. If Per-Unit Deductible Exists, mark Issue to trigger HO6 Policy Review task.",Per-Unit Deductible Exists – Determine whether the master policy includes a per-unit deductible that applies to an individual unit owner. If Per-Unit Deductible Exist mark Issue to trigger HO6  Policy Review task.,tasks/3_underwriting/post_underwriting/master_property_insurance_review_v1.xml,tasks4.xml
subtask_description,Underwriting_PostUnderwriting_CondoMasterReview,Master Property Insurance Review,Master Property Insurance Review,BOTH,Master Property Insurance Review – Interior Coverage Gap,"Interior Coverage Gap – Determine whether any portion of the interior of the unit or unit improvements are not covered by the master policy. If Gap Exists, mark Issue to trigger HO6 Policy Review task.",Interior Coverage Gap – Determine whether any portion of the interior of the unit or unit improvements are not covered by the master policy.  If Gap Exists mark Issue to trigger HO6  Policy Review task.,tasks/3_underwriting/post_underwriting/master_property_insurance_review_v1.xml,tasks4.xml
association,Underwriting_PostUnderwriting_HOIReview,HOI Review,HOI Review,REPO_ONLY,workspace,HOIReview,,tasks/3_underwriting/post_underwriting/hoi_review_v1.xml,tasks4.xml
subtask,Underwriting_PostUnderwriting_HOIReview,HOI Review,HOI Review,ENCOMPASS_ONLY,HOI Review – Verify Coverage Amounts,,Verify Coverage Amounts – Confirm dwelling coverage meets or exceeds the loan amount and that liability and other required coverage amounts are sufficient,tasks/3_underwriting/post_underwriting/hoi_review_v1.xml,tasks4.xml
subtask,Underwriting_PostUnderwriting_HOIReview,HOI Review,HOI Review,ENCOMPASS_ONLY,HOI Review – Verify Lender Named as Mortgagee,,"Verify Lender Named as Mortgagee – Confirm the lender is listed as the mortgagee on the policy; if not, request an updated declarations page from the insurance agent",tasks/3_underwriting/post_underwriting/hoi_review_v1.xml,tasks4.xml
subtask,Underwriting_PostUnderwriting_HOIReview,HOI Review,HOI Review,ENCOMPASS_ONLY,HOI Review – Confirm Policy Effective Date,,Confirm Policy Effective Date – Verify the policy effective date is on or before the loan closing date,tasks/3_underwriting/post_underwriting/hoi_review_v1.xml,tasks4.xml
subtask,Underwriting_PostUnderwriting_HOIReview,HOI Review,HOI Review,ENCOMPASS_ONLY,HOI Review – Review Deductibles,,Review Deductibles – Review deductible amounts to ensure they meet lender guidelines; flag any deductible exceeding the allowable threshold,tasks/3_underwriting/post_underwriting/hoi_review_v1.xml,tasks4.xml
task,Underwriting_PostUnderwriting_OrderHOI,Order HOI,Order HOI,BOTH,duration,15,4,tasks/3_underwriting/post_underwriting/order_hoi_v1.xml,task5.xml
task,Underwriting_PostUnderwriting_OrderHOI,Order HOI,Order HOI,BOTH,durationFormat,Minute,Hour,tasks/3_underwriting/post_underwriting/order_hoi_v1.xml,task5.xml
association,Underwriting_PostUnderwriting_OrderHOI,Order HOI,Order HOI,REPO_ONLY,workspace,OrderHOI,,tasks/3_underwriting/post_underwriting/order_hoi_v1.xml,task5.xml
association,Underwriting_Resubmittal_ReviewAppraisal,Review Appraisal,Review Appraisal,ENCOMPASS_ONLY,Assignee,,Task - Appraisal Reviews,tasks/3_underwriting/resubmittal/review_appraisal_v1.xml,tasks3.xml
association,Underwriting_Resubmittal_ReviewAppraisal,Review Appraisal,Review Appraisal,ENCOMPASS_ONLY,workspace,,Appraisal Review,tasks/3_underwriting/resubmittal/review_appraisal_v1.xml,tasks3.xml
association,Underwriting_Resubmittal_ReviewAppraisalSecondReview,Review Appraisal – Second Review,Review Appraisal – Second Review,ENCOMPASS_ONLY,Assignee,,Task - Appraisal Reviews,tasks/3_underwriting/resubmittal/review_appraisal_second_review_v1.xml,tasks3.xml
association,Underwriting_Resubmittal_ReviewAppraisalSecondReview,Review Appraisal – Second Review,Review Appraisal – Second Review,ENCOMPASS_ONLY,workspace,,Appraisal Review,tasks/3_underwriting/resubmittal/review_appraisal_second_review_v1.xml,tasks3.xml
task,Underwriting_Resubmittal_ReviewPAR,Review PAR,Review PAR (1st Review),BOTH,name,Review PAR,Review PAR (1st Review),tasks/3_underwriting/resubmittal/review_par_v1.xml,tasks3.xml
association,Underwriting_Resubmittal_ReviewPAR,Review PAR,Review PAR (1st Review),ENCOMPASS_ONLY,Assignee,,Underwriter,tasks/3_underwriting/resubmittal/review_par_v1.xml,tasks3.xml
association,Underwriting_Resubmittal_ReviewPAR,Review PAR,Review PAR (1st Review),ENCOMPASS_ONLY,workspace,,Appraisal Review,tasks/3_underwriting/resubmittal/review_par_v1.xml,tasks3.xml
association,Underwriting_Resubmittal_ReviewPAR,Review PAR,Review PAR (1st Review),REPO_ONLY,Assignee,Loan Processor,,tasks/3_underwriting/resubmittal/review_par_v1.xml,tasks3.xml
association,Underwriting_Resubmittal_ReviewPAR,Review PAR,Review PAR (1st Review),REPO_ONLY,workspace,ReviewPAR,,tasks/3_underwriting/resubmittal/review_par_v1.xml,tasks3.xml
association,Underwriting_Resubmittal_SendAppraisal,Send Appraisal,Send Appraisal,ENCOMPASS_ONLY,Assignee,,Task - Appraisal Reviews,tasks/3_underwriting/resubmittal/send_appraisal_v1.xml,tasks3.xml
association,Underwriting_Resubmittal_SendAppraisal,Send Appraisal,Send Appraisal,ENCOMPASS_ONLY,workspace,,Appraisal Review,tasks/3_underwriting/resubmittal/send_appraisal_v1.xml,tasks3.xml
association,Underwriting_Resubmittal_TitleOwnershipReport,Title (Ownership Report),Title (Ownership Report),REPO_ONLY,workspace,TitleOwnershipReport,,tasks/3_underwriting/resubmittal/title_ownership_report_v1.xml,tasks4.xml
task,Underwriting_Submittal_Underwrite,Underwrite,Underwrite,BOTH,autocomplete,false,true,tasks/3_underwriting/submittal/underwrite_v1.xml,tasks3.xml
task,Underwriting_Submittal_Underwrite,Underwrite,Underwrite,BOTH,taskGroupTemplateName,Underwriting - Submittal,,tasks/3_underwriting/submittal/underwrite_v1.xml,tasks3.xml
association,Underwriting_Submittal_Underwrite,Underwrite,Underwrite,ENCOMPASS_ONLY,workspace,,Decision Flow,tasks/3_underwriting/submittal/underwrite_v1.xml,tasks3.xml
